{
  "feature_names": [
    "discipline",
    "leverage",
    "liquidity"
  ],
  "weights": {
    "discipline": -8.14624165678677,
    "leverage": -0.37597157796708863,
    "liquidity": -0.2596165848555688
  },
  "intercept": 6.8066481722256285,
  "feature_means": {
    "discipline": 0.9531058201058201,
    "leverage": 0.6321751103008306,
    "liquidity": 0.6109186415547906
  },
  "calibration_slope": 1.1194462299852395,
  "calibration_intercept": 0.13742906016254675,
  "baseline_logit": -1.3781518548020535,
  "baseline_probability": 0.20130598399012303,
  "model_type": "logistic_pd_v2",
  "trained_at_utc": "2026-07-10T21:27:51.145041+00:00",
  "dataset_sha256": "30c6be3abd8dcfd3e6096c828bad8c2f011238620f5369220bd60cfc82700933"
}